{
  "n_samples_total": 4041,
  "n_samples_used": 4041,
  "parameter_names": [
    "mass_1_source",
    "mass_2_source",
    "lambda_1",
    "lambda_2"
  ],
  "filepath": "../../../../../data/gw170817/gw170817_gwtc1_highspin_posterior.npz",
  "flow_type": "masked_autoregressive_flow",
  "num_epochs": 2181,
  "learning_rate": 0.0001,
  "max_patience": 500,
  "val_prop": 0.2,
  "standardize": true,
  "standardization_method": "zscore",
  "data_mean": [
    1.6174209920463798,
    1.1690921271803427,
    284.6374164139447,
    708.0786255071305
  ],
  "data_std": [
    0.1738893587931653,
    0.10972644391112399,
    295.5898290990636,
    661.5931307376384
  ]
}