{
  "flow_type": "masked_autoregressive_flow",
  "nn_depth": 4,
  "nn_block_dim": 8,
  "nn_width": 50,
  "flow_layers": 1,
  "invert": true,
  "cond_dim": null,
  "seed": 0,
  "standardize": true,
  "standardization_method": "zscore",
  "transformer_type": "rational_quadratic_spline",
  "transformer_knots": 10,
  "transformer_interval": 5.0,
  "data_mean": [
    1.4855487758396844,
    1.2588596555350913,
    356.9289799751767,
    522.7166039694835
  ],
  "data_std": [
    0.0798352690147062,
    0.06345365966080248,
    287.41164304138044,
    390.7805736873307
  ]
}