{
  "flow_type": "masked_autoregressive_flow",
  "nn_depth": 4,
  "nn_block_dim": 8,
  "nn_width": 50,
  "flow_layers": 1,
  "invert": true,
  "cond_dim": null,
  "seed": 0,
  "standardize": true,
  "standardization_method": "zscore",
  "transformer_type": "rational_quadratic_spline",
  "transformer_knots": 10,
  "transformer_interval": 5.0,
  "data_mean": [
    1.4879439153514054,
    1.2566301985678339,
    341.0350192750236,
    553.2998339694889
  ],
  "data_std": [
    0.08105482156089303,
    0.064579641017494,
    310.60492408849797,
    466.01315984749743
  ]
}