{
  "flow_type": "masked_autoregressive_flow",
  "nn_depth": 4,
  "nn_block_dim": 8,
  "nn_width": 50,
  "flow_layers": 1,
  "invert": true,
  "cond_dim": null,
  "seed": 0,
  "standardize": true,
  "standardization_method": "zscore",
  "transformer_type": "rational_quadratic_spline",
  "transformer_knots": 10,
  "transformer_interval": 5.0,
  "data_mean": [
    2.0243849818042094,
    1.383791250772441,
    622.0749600721974,
    1992.407362438083
  ],
  "data_std": [
    0.2998479927622381,
    0.16954450166519794,
    731.1747263613385,
    2127.1008513130914
  ]
}