{
  "n_samples_total": 8078,
  "n_samples_used": 8078,
  "parameter_names": [
    "mass_1_source",
    "mass_2_source",
    "lambda_1",
    "lambda_2"
  ],
  "filepath": "../../../../../data/gw170817/gw170817_gwtc1_lowspin_posterior.npz",
  "flow_type": "masked_autoregressive_flow",
  "num_epochs": 2929,
  "learning_rate": 0.0001,
  "max_patience": 500,
  "val_prop": 0.2,
  "standardize": true,
  "standardization_method": "zscore",
  "data_mean": [
    1.4773261151823431,
    1.2645993743082065,
    368.1780238355564,
    586.5487031450838
  ],
  "data_std": [
    0.07800468489036057,
    0.06273191637622996,
    335.8318593994284,
    509.74321936077536
  ]
}