{
  "flow_type": "masked_autoregressive_flow",
  "nn_depth": 4,
  "nn_block_dim": 8,
  "nn_width": 50,
  "flow_layers": 1,
  "invert": true,
  "cond_dim": null,
  "seed": 0,
  "standardize": true,
  "standardization_method": "zscore",
  "transformer_type": "rational_quadratic_spline",
  "transformer_knots": 10,
  "transformer_interval": 5.0,
  "data_mean": [
    2.0094487061591106,
    1.3857390999680899,
    601.7796702933326,
    1347.388661576441
  ],
  "data_std": [
    0.25124542512857984,
    0.15231268371494816,
    742.8306165528818,
    1167.818965767241
  ]
}