{
  "n_samples_total": 28025,
  "n_samples_used": 28025,
  "parameter_names": [
    "mass_1_source",
    "mass_2_source",
    "lambda_1",
    "lambda_2"
  ],
  "filepath": "../../../../../data/gw190425/gw190425_taylorf2-hs_posterior.npz",
  "flow_type": "masked_autoregressive_flow",
  "num_epochs": 3000,
  "learning_rate": 0.0001,
  "max_patience": 500,
  "val_prop": 0.2,
  "standardize": true,
  "standardization_method": "zscore",
  "data_mean": [
    2.0094487061591106,
    1.3857390999680899,
    601.7796702933326,
    1347.388661576441
  ],
  "data_std": [
    0.25124542512857984,
    0.15231268371494816,
    742.8306165528818,
    1167.818965767241
  ]
}