{
  "flow_type": "masked_autoregressive_flow",
  "nn_depth": 4,
  "nn_block_dim": 8,
  "nn_width": 50,
  "flow_layers": 1,
  "invert": true,
  "cond_dim": null,
  "seed": 0,
  "standardize": true,
  "standardization_method": "zscore",
  "transformer_type": "rational_quadratic_spline",
  "transformer_knots": 10,
  "transformer_interval": 5.0,
  "data_mean": [
    1.7616796719332313,
    1.5497566866184176,
    461.9112338349101,
    693.5548211979585
  ],
  "data_std": [
    0.08181862867824201,
    0.06736976678437843,
    515.4988848879885,
    755.6410103877645
  ]
}