{
  "flow_type": "masked_autoregressive_flow",
  "nn_depth": 4,
  "nn_block_dim": 8,
  "nn_width": 50,
  "flow_layers": 1,
  "invert": true,
  "cond_dim": null,
  "seed": 0,
  "standardize": true,
  "standardization_method": "zscore",
  "transformer_type": "rational_quadratic_spline",
  "transformer_knots": 10,
  "transformer_interval": 5.0,
  "data_mean": [
    2.1186476287693665,
    1.3330357805939488,
    673.3263727630841,
    2871.0317685821474
  ],
  "data_std": [
    0.2887381320735205,
    0.16223637702970903,
    753.2708870612593,
    2433.465362771576
  ]
}