{
  "n_samples_total": 17782,
  "n_samples_used": 17782,
  "parameter_names": [
    "mass_1_source",
    "mass_2_source",
    "lambda_1",
    "lambda_2"
  ],
  "filepath": "../../../../../data/gw190425/gw190425_gwtc2p1_mixed_nocosmo_imrphenompv2_nrtidal_highspin_posterior.npz",
  "flow_type": "masked_autoregressive_flow",
  "num_epochs": 3000,
  "learning_rate": 0.0001,
  "max_patience": 500,
  "val_prop": 0.2,
  "standardize": true,
  "standardization_method": "zscore",
  "data_mean": [
    2.1186476287693665,
    1.3330357805939488,
    673.3263727630841,
    2871.0317685821474
  ],
  "data_std": [
    0.2887381320735205,
    0.16223637702970903,
    753.2708870612593,
    2433.465362771576
  ]
}