{
  "flow_type": "masked_autoregressive_flow",
  "nn_depth": 4,
  "nn_block_dim": 8,
  "nn_width": 50,
  "flow_layers": 1,
  "invert": true,
  "cond_dim": null,
  "seed": 0,
  "standardize": true,
  "standardization_method": "zscore",
  "transformer_type": "rational_quadratic_spline",
  "transformer_knots": 10,
  "transformer_interval": 5.0,
  "data_mean": [
    1.7620282104115326,
    1.5505456500959491,
    462.58999934027537,
    691.6704079947067
  ],
  "data_std": [
    0.08158013460970223,
    0.06717258403061359,
    516.3127840870351,
    754.8335492257081
  ]
}