{
  "n_samples_total": 20000,
  "n_samples_used": 20000,
  "parameter_names": [
    "mass_1_source",
    "mass_2_source",
    "lambda_1",
    "lambda_2"
  ],
  "filepath": "../../../../../data/gw190425/gw190425_gwtc2p1_mixed_cosmo_imrphenompv2_nrtidal_highspin_posterior.npz",
  "flow_type": "masked_autoregressive_flow",
  "num_epochs": 1918,
  "learning_rate": 0.0001,
  "max_patience": 500,
  "val_prop": 0.2,
  "standardize": true,
  "standardization_method": "zscore",
  "data_mean": [
    2.1153699140335975,
    1.3337985194656403,
    679.1393811353933,
    2862.8021195399556
  ],
  "data_std": [
    0.2881357995918881,
    0.16188150402692766,
    756.4622130327638,
    2425.6855348100394
  ]
}